name;user_name;institutions;passwords
Morgan, RE;morgan;Amgen Inc;morgan00
van Staden, CJ;vanstaden;Amgen Inc;vanstaden01
Chen, Y;chen;Amgen Inc;chen02
Kalyanaraman;kalyanaraman;Amgen Inc;kalyanaraman03
Ghirmai, S;ghirmai;Human BioMolecular Research Institute;ghirmai100
Azar, MR;azar;Human BioMolecular Research Institute;azar101
Cashman, JR;cashman;Human BioMolecular Research Institute;cashman102
